source_id,source_name,RA,DEC,z_spec_HETDEX,z_hetdex_src,z_hetdex_conf,source_type,detectid,selected_det,det_type,line_id,RA_det,DEC_det,src_separation,n_members,gmag_err,gmag,Av,ebv,wave,wave_err,flux,flux_err,flux_obs,flux_obs_err,flux_aper,flux_aper_err,flux_aper_obs,flux_aper_obs_err,flag_aper,sigma,sigma_err,continuum,continuum_err,continuum_obs,continuum_obs_err,sn,sn_err,chi2,chi2_err,flux_noise_1sigma_obs,flux_noise_1sigma,apcor,counterpart_mag,counterpart_mag_err,counterpart_dist,counterpart_catalog_name,counterpart_filter_name,plya_classification,best_z,best_pz,z_diagnose,cls_diagnose,stellartype,agn_flag,wave_group_id,wave_group_a,wave_group_b,wave_group_pa,wave_group_ra,wave_group_dec,wave_group_wave,fwhm,throughput,shotid,field,date,obsid,multiframe,fiber_id,weight,x_raw,y_raw,x_ifu,y_ifu,ra_aper,dec_aper,catalog_name_aper,filter_name_aper,dist_aper,mag_aper,mag_aper_err,major,minor,theta,file,pr,class,Type,ID,pr_2,class_2,Type_2,pr_3,class_3,Type_3,pr_4,class_4,Type_4,pr_5,class_5,Type_5,pr_6,class_6,Type_6,pr_7,class_7,Type_7,mean_pr,prob,class_mean_pr,class_median_pr,class_median_pr_0.6,class_median_pr_0.7,class_median_pr_0.8,all_equal,count_class_1,count_class_0,majority_vote,RA ,DEC ,ALPHA_J2000_y,DELTA_J2000_y,Separation,z_phot,SC_ip_MAG_APER3
2140000000583,HETDEX J100106.77+021508.7,150.2781982421875,2.2524070739746094,2.611299991607666,elixer,0.949999988079071,oii,2100550219,True,line,,150.27801513671875,2.252350091934204,0.0001916340843308,10,25.39495086669922,25.39495086669922,0.045491699129343,0.0165906995534896,4483.169921875,0.6600000262260437,14.808286666870115,2.3524365425109863,13.608386039733888,2.161820888519287,8.108407020568848,0.289434015750885,7.683265209197998,0.2742583453655243,0,3.490000009536743,0.6200000047683716,0.0301594473421573,0.1206377893686294,0.0277156550437212,0.1108626201748848,6.289999961853027,0.8899999856948853,0.9900000095367432,0.2199999988079071,2.196054697036743,2.317513942718506,0.7758379578590393,25.245210647583008,0.1619865596294403,0.947679042816162,DECAM/COSMOS,g,0.9990000128746032,2.6878182888031006,0.949999988079071,-999.0,UNKNOWN,n,-1.0,214000122,0.0001279663410969,4.164106576354243e-05,36.37171173095703,150.2781982421875,2.252510070800781,4481.5751953125,1.8901759386062624,0.1527000069618225,20181120013,cosmos,20181120,13,multi_321_042_030_LU,20181120013_2_multi_321_042_030_LU_100,0.2117000073194503,500,910,7.630000114440918,-24.239999771118164,150.27806091308594,2.252347469329834,HyperSuprimeCam_,r,0.7020366191864014,25.79574966430664,0.1745813339948654,1.5376538038253784,0.8689050078392029,0.4734163880348205,/home/bcerqueira/Documents/RESEARCH/FLAEMING/data/32x32/predictions/pred/GRI/108448_876293_COSMOS_SUB_064.jpg,0.11448827,0.0,LAE,876293,0.27197188,0.0,LAE,0.023961032,0.0,LAE,0.034091268,0.0,LAE,0.12541121,0.0,LAE,0.18258479,0.0,LAE,0.151536,0.0,LAE,,0.12541121,0.0,0.0,0.0,0.0,0.0,True,146632,45194,0.0,150.2782312788602,2.252413991896707,150.2782312788602,2.252413991896707,0.1214216302507519,2.8423,25.514929
2140000002740,HETDEX J100028.95+021132.2,150.12062072753906,2.192291021347046,2.6916089057922363,elixer,0.949999988079071,lae,2100544408,True,line,Lya,150.12049865722656,2.192257881164551,0.0001264438906218,6,24.616838455200195,24.616838455200195,0.0497228689491748,0.018133794888854,4486.0498046875,0.2899999916553497,30.657777786254883,1.8666549921035769,27.920759201049805,1.7000066041946411,,,,,-1,4.230000019073486,0.3400000035762787,0.1623178273439407,0.0811589136719703,0.1478266566991806,0.0739133283495903,13.170000076293944,0.8700000047683716,0.9900000095367432,0.2199999988079071,2.0036394596099854,2.1249868869781494,0.9426990151405334,25.039440155029297,0.131551519036293,0.355491042137146,DECAM/COSMOS,u,0.9990000128746032,2.6901872158050537,0.949999988079071,0.2030890136957168,GALAXY,n,-1.0,214000669,0.0001013077344396,1.5373947462649085e-05,21.14665031433105,150.12060546875,2.1922898292541504,4485.77783203125,1.3091036081314087,0.1506000012159347,20181115017,cosmos,20181115,17,multi_008_093_054_RU,20181115017_2_multi_008_093_054_RU_053,0.4365000128746032,495,500,-10.170000076293944,19.82999992370605,,,,,,,,,,,/home/bcerqueira/Documents/RESEARCH/FLAEMING/data/32x32/predictions/pred/GRI/97779_809172_COSMOS_SUB_065.jpg,0.13351752,0.0,LAE,809172,0.17159766,0.0,LAE,0.19264117,0.0,LAE,0.121570006,0.0,LAE,0.23071185,0.0,LAE,0.29841363,0.0,LAE,0.37630773,0.0,LAE,,0.19264117,0.0,0.0,0.0,0.0,0.0,True,146632,45194,0.0,150.12050504902638,2.1922645020946936,150.12050504902638,2.1922645020946936,0.4269485842911488,2.7757,24.6116
2140000004256,HETDEX J100047.77+021528.4,150.19903564453125,2.2578823566436768,2.6105527877807617,elixer,0.949999988079071,lae,2100660839,True,line,Lya,150.19906616210938,2.2578399181365967,5.228788359090686e-05,5,25.70258331298828,25.70258331298828,0.0460244379937648,0.0167849883437156,4387.64013671875,0.4399999976158142,11.760817527770996,1.8124206066131592,10.886709213256836,1.677714705467224,,,,,-1,2.1700000762939453,0.4600000083446502,-0.1294586211442947,0.1195002570748329,-0.1198367625474929,0.1106185466051101,9.369999885559082,1.0299999713897705,1.4800000190734863,0.25,1.563542127609253,1.6530226469039917,0.9287408590316772,25.742218017578125,0.1995726376771927,0.4756739735603332,DECAM/COSMOS,u,0.9990000128746032,2.609236240386963,0.949999988079071,0.1771407425403595,GALAXY,n,-1.0,214001035,0.0001034874658216,3.156145248794928e-05,-54.21400451660156,150.1990509033203,2.2578771114349365,4387.87060546875,1.6878654956817627,0.1459999978542328,20190105022,cosmos,20190105,22,multi_322_063_062_RL,20190105022_3_multi_322_063_062_RL_078,0.2554999887943268,451,699,-11.4399995803833,4.409999847412109,,,,,,,,,,,/home/bcerqueira/Documents/RESEARCH/FLAEMING/data/32x32/predictions/pred/GRI/109345_882398_COSMOS_SUB_065.jpg,0.10992834,0.0,LAE,882398,0.25491405,0.0,LAE,0.06324872,0.0,LAE,0.054355364,0.0,LAE,0.14122994,0.0,LAE,0.23091309,0.0,LAE,0.162481,0.0,LAE,,0.14122994,0.0,0.0,0.0,0.0,0.0,True,146632,45194,0.0,150.19893896867242,2.2577882151547968,150.19893896867242,2.2577882151547968,0.4855909680760006,2.641,25.25506
2140000004264,HETDEX J100057.88+021442.8,150.24114990234375,2.2452187538146973,3.443528175354004,elixer,0.9456212520599364,lae,2100660532,True,line,Lya,150.24119567871094,2.245152950286865,8.00879715825431e-05,5,26.4395751953125,26.4395751953125,0.0457266457378864,0.0166763830929994,5399.14990234375,0.7300000190734863,11.162969589233398,1.7301627397537231,10.71784496307373,1.6611720323562622,,,,,-1,4.099999904632568,0.800000011920929,-0.1466239541769027,0.0781994387507438,-0.1407773047685623,0.0750812217593193,5.730000019073486,0.949999988079071,0.9800000190734864,0.209999993443489,1.6423587799072266,1.713282346725464,0.9264678359031676,25.6630973815918,0.2050460278987884,0.5541343092918396,DECAM/COSMOS,g,0.9881747364997864,3.441295623779297,0.949999988079071,-999.0,UNKNOWN,n,-1.0,214001046,6.764586578356102e-05,4.2335319449193776e-05,-6.894228458404541,150.24111938476562,2.2452216148376465,5400.783203125,1.6878654956817627,0.1459999978542328,20190105022,cosmos,20190105,22,multi_301_052_072_RL,20190105022_2_multi_301_052_072_RL_090,0.2432000041007995,968,820,7.630000114440918,2.200000047683716,,,,,,,,,,,/home/bcerqueira/Documents/RESEARCH/FLAEMING/data/32x32/predictions/pred/GRI/107376_869170_COSMOS_SUB_064.jpg,0.80278575,1.0,NONLAE,869170,0.7544571,1.0,NONLAE,0.8383399,1.0,NONLAE,0.80970705,1.0,NONLAE,0.8371719,1.0,NONLAE,0.8779898,1.0,NONLAE,0.8403952,1.0,NONLAE,,0.8371719,0.0,1.0,0.0,0.0,0.0,False,146632,45194,1.0,150.2410315024021,2.245151800180424,150.2410315024021,2.245151800180424,0.4893858113608015,3.3617,24.669147
2140000007834,HETDEX J100043.93+022225.8,150.18304443359375,2.373844623565674,2.664636850357056,elixer,0.949999988079071,lae,2100709127,True,line,Lya,150.18289184570312,2.373810052871704,0.0001562819088576,4,26.287744522094727,26.287744522094727,0.0461298860609531,0.0168234445154666,4454.02978515625,0.3499999940395355,13.837413787841797,1.235138773918152,13.23917293548584,1.1817392110824585,,,,,-1,3.319999933242798,0.3300000131130218,0.1061447337269783,0.0675466582179069,0.1015557199716568,0.0646263659000396,7.980000019073486,1.0099999904632568,1.0,0.2199999988079071,1.691971778869629,1.7875555753707886,0.9491567611694336,23.72266387939453,0.0689602196216583,0.5193154811859131,DECAM/COSMOS,r,0.9990000128746032,2.663847684860229,0.949999988079071,0.1945849806070327,GALAXY,n,-1.0,214002017,0.0001898904592962,4.305044421926141e-05,-10.972310066223145,150.1830596923828,2.3738362789154053,4453.47412109375,1.2000000476837158,0.1174999997019767,20190201014,cosmos,20190201,14,multi_308_047_024_LL,20190201014_1_multi_308_047_024_LL_096,0.5375999808311462,480,875,5.079999923706055,-11.020000457763672,,,,,,,,,,,/home/bcerqueira/Documents/RESEARCH/FLAEMING/data/32x32/predictions/pred/GRI/126557_1008619_COSMOS_SUB_077.jpg,0.624506,1.0,NONLAE,1008619,0.42416012,0.0,LAE,0.44737628,0.0,LAE,0.49654,0.0,LAE,0.811739,1.0,NONLAE,0.5540706,1.0,NONLAE,0.37107435,0.0,LAE,,0.49654,0.0,0.0,0.0,0.0,0.0,False,146632,45194,0.0,150.18300755129766,2.373800846292435,150.18300755129766,2.373800846292435,0.2060011649762016,2.5196,25.143402
2140000008036,HETDEX J100050.50+021353.4,150.21041870117188,2.2314913272857666,2.490840673446656,elixer,0.949999988079071,lae,2100680895,True,line,Lya,150.21043395996094,2.231220006942749,0.000271714729024,4,24.160606384277344,24.160606384277344,0.0455620139837265,0.0166163425892591,4243.1201171875,0.3799999952316284,12.11047649383545,2.146409511566162,11.300764083862305,2.002899646759033,,,,,-1,1.7799999713897705,0.5600000023841858,0.1575346440076828,0.1279968917369842,0.1470018029212951,0.119438961148262,6.119999885559082,1.0800000429153442,1.0299999713897705,0.25,2.391320943832397,2.531147003173828,0.8642396330833435,23.4663028717041,0.0361489132046699,1.9106868505477903,DECAM/COSMOS,r,0.6860858201980591,2.4903552532196045,0.3721716105937958,-999.0,UNKNOWN,n,-1.0,214002079,0.0001967938296729,4.1692546801641583e-05,-78.99122619628906,150.2104034423828,2.231484651565552,4242.10498046875,2.466540813446045,0.1447000056505203,20190112023,cosmos,20190112,23,multi_324_062_055_RU,20190112023_1_multi_324_062_055_RU_052,0.1750999987125396,374,488,-7.630000114440918,19.82999992370605,,,,,,,,,,,/home/bcerqueira/Documents/RESEARCH/FLAEMING/data/32x32/predictions/pred/GRI/104753_852195_COSMOS_SUB_065.jpg,0.9578509,1.0,NONLAE,852195,0.42454484,0.0,LAE,0.8013144,1.0,NONLAE,0.4326764,0.0,LAE,0.7399825,1.0,NONLAE,0.5672343,1.0,NONLAE,0.53494346,1.0,NONLAE,,0.5672343,0.0,1.0,0.0,0.0,0.0,False,146632,45194,0.0,150.21035834609833,2.2314425277883387,150.21035834609833,2.2314425277883387,0.2792867668533972,2.3123,26.2364
2140000008039,HETDEX J100101.48+022256.2,150.2561798095703,2.382288694381714,2.318789005279541,elixer,0.793133556842804,lae,2100617463,True,line,Lya,150.25607299804688,2.3823800086975098,0.0001404795475536,4,24.317983627319336,24.317983627319336,0.0497324839234352,0.01813730224967,4035.610107421875,0.6399999856948853,15.541861534118652,1.9363964796066284,14.02192497253418,1.7470239400863647,,,,,-1,4.809999942779541,0.7400000095367432,0.0811056047677993,0.0709674134850502,0.073173776268959,0.0640270560979843,6.239999771118164,0.8500000238418579,1.0099999904632568,0.2300000041723251,1.966365456581116,2.097844123840332,0.928839921951294,24.8989315032959,0.0982828587293624,0.7667796015739441,DECAM/COSMOS,u,0.8874881267547607,2.3196592330932617,0.7749762535095215,-999.0,UNKNOWN,n,-1.0,214002083,0.0001331778039457,6.427886546589434e-05,-7.425876617431641,150.2561798095703,2.382287740707397,4034.399169921875,1.3032970428466797,0.1604000031948089,20181215031,cosmos,20181215,31,multi_318_026_078_LL,20181215031_1_multi_318_026_078_LL_052,0.3109999895095825,271,484,17.799999237060547,-6.610000133514404,,,,,,,,,,,/home/bcerqueira/Documents/RESEARCH/FLAEMING/data/32x32/predictions/pred/GRI/127810_1018287_COSMOS_SUB_076.jpg,0.2412137,0.0,LAE,1018287,0.33771515,0.0,LAE,0.032457095,0.0,LAE,0.11830844,0.0,LAE,0.121469215,0.0,LAE,0.16682056,0.0,LAE,0.17792775,0.0,LAE,,0.16682056,0.0,0.0,0.0,0.0,0.0,True,146632,45194,0.0,150.2561896066913,2.382215525142669,150.2561896066913,2.382215525142669,0.2657559717392003,2.4029,23.721647
2140000008043,HETDEX J100029.04+021408.0,150.12098693847656,2.2355494499206543,2.434831380844116,elixer,0.949999988079071,lae,2100680214,True,line,Lya,150.12103271484375,2.235733985900879,0.0001900032075354,4,25.65744400024414,25.65744400024414,0.049639768898487,0.018103489652276,4175.52001953125,0.550000011920929,13.202766418457031,2.4835901260375977,12.191408157348633,2.293342351913452,,,,,-1,2.1700000762939453,0.550000011920929,0.2086215764284134,0.1490153968334198,0.1926407516002655,0.1376005411148071,5.78000020980835,0.949999988079071,0.9700000286102296,0.25,2.75028395652771,2.9284987449646,0.8632785081863403,25.811134338378903,0.0534202121198177,1.279628872871399,DECAM/COSMOS,u,0.969783902168274,2.4347479343414307,0.9395677447319032,-999.0,UNKNOWN,n,-1.0,214002087,0.0001117223582696,4.7344441554741934e-05,73.6580581665039,150.12098693847656,2.2355453968048096,4175.0126953125,2.466540813446045,0.1447000056505203,20190112023,cosmos,20190112,23,multi_032_094_028_LU,20190112023_2_multi_032_094_028_LU_022,0.1541000008583068,340,199,7.630000114440918,-15.420000076293944,,,,,,,,,,,/home/bcerqueira/Documents/RESEARCH/FLAEMING/data/32x32/predictions/pred/GRI/105678_857810_COSMOS_SUB_065.jpg,0.14015873,0.0,LAE,857810,0.1973732,0.0,LAE,0.078356996,0.0,LAE,0.08682458,0.0,LAE,0.29843366,0.0,LAE,0.26697847,0.0,LAE,0.31288895,0.0,LAE,,0.1973732,0.0,0.0,0.0,0.0,0.0,True,146632,45194,0.0,150.12107918555165,2.2354159267491984,150.12107918555165,2.2354159267491984,0.5840994485101036,2.3764,24.27699
2140000008044,HETDEX J100027.19+021731.7,150.11329650878906,2.292142629623413,2.288896322250366,elixer,0.949999988079071,lae,2100660146,True,line,Lya,150.11328125,2.292180061340332,4.054214514326304e-05,4,25.79355812072754,25.79355812072754,0.0480222031474113,0.0175135675817728,3997.02001953125,0.550000011920929,17.091188430786133,2.21226167678833,15.95890998840332,2.0657010078430176,,,,,-1,3.640000104904175,0.5299999713897705,0.1076764613389968,0.1076764613389968,0.1005429700016975,0.1005429700016975,6.409999847412109,0.9300000071525574,0.9900000095367432,0.2199999988079071,2.2403180599212646,2.385971784591675,0.9278296232223512,24.98845863342285,0.0884410515427589,0.6475504636764526,DECAM/COSMOS,u,0.9990000128746032,2.287915229797364,0.949999988079071,-999.0,UNKNOWN,n,-1.0,214002088,0.0001184797583846,3.4531076380517334e-05,-54.203250885009766,150.11331176757812,2.292135715484619,3994.98974609375,1.6878654956817627,0.1459999978542328,20190105022,cosmos,20190105,22,multi_017_086_022_RL,20190105022_3_multi_017_086_022_RL_105,0.2304999977350235,257,944,19.06999969482422,0.0,,,,,,,,,,,/home/bcerqueira/Documents/RESEARCH/FLAEMING/data/32x32/predictions/pred/GRI/114286_920040_COSMOS_SUB_065.jpg,0.23746948,0.0,LAE,920040,0.26619053,0.0,LAE,0.38023904,0.0,LAE,0.22341444,0.0,LAE,0.41306263,0.0,LAE,0.3629667,0.0,LAE,0.35446987,0.0,LAE,,0.35446987,0.0,0.0,0.0,0.0,0.0,True,146632,45194,0.0,150.1134555785833,2.2920375137349547,150.1134555785833,2.2920375137349547,0.6860062063285398,2.174,24.923786
2140000008201,HETDEX J100106.81+021530.8,150.27838134765625,2.258552074432373,3.438270568847656,elixer,0.0039527188055217,lae,2100544787,True,line,Lya,150.27830505371094,2.258692979812622,0.0001601774856681,4,25.762813568115234,25.762813568115234,0.0457741767168045,0.0166937187314033,5392.6201171875,0.7099999785423279,12.781657218933104,1.866434454917908,12.274651527404783,1.7923994064331057,,,,,-1,4.659999847412109,0.8399999737739563,0.0879471749067306,0.0781752690672874,0.0844586119055748,0.0750743225216865,6.53000020980835,0.9200000166893004,1.0499999523162842,0.2300000041723251,1.5459272861480713,1.612876057624817,0.9388010501861572,24.242992401123047,0.0922289192676544,0.1728362292051315,DECAM/COSMOS,g,0.5067694783210754,3.4359242916107178,0.0135389035567641,-999.0,UNKNOWN,n,-1.0,214002150,0.0001398045424139,2.015465361182578e-05,-67.83098602294922,150.27838134765625,2.2585482597351074,5394.29296875,1.3091036081314087,0.1506000012159347,20181115017,cosmos,20181115,17,multi_320_032_020_RL,20181115017_1_multi_320_032_020_RL_020,0.4399999976158142,954,186,-12.710000038146973,11.020000457763672,,,,,,,,,,,/home/bcerqueira/Documents/RESEARCH/FLAEMING/data/32x32/predictions/pred/GRI/109598_884363_COSMOS_SUB_064.jpg,0.9363242,1.0,NONLAE,884363,0.7493846,1.0,NONLAE,0.8803184,1.0,NONLAE,0.8509677,1.0,NONLAE,0.87749606,1.0,NONLAE,0.8601959,1.0,NONLAE,0.7784505,1.0,NONLAE,,0.8601959,0.0,1.0,0.0,0.0,0.0,False,146632,45194,1.0,150.27833947284284,2.258750595134185,150.27833947284284,2.258750595134185,0.7303764383816491,3.3232,23.922625
2140000009228,HETDEX J100029.40+021611.8,150.1225128173828,2.2699337005615234,2.928800106048584,elixer,0.949999988079071,oii,2100671641,True,line,Lya,150.1224365234375,2.269853115081787,0.0001111559613491,4,23.600069046020508,23.600069046020508,0.0484152026474475,0.0176568925380706,4773.7900390625,0.8100000023841858,11.83036994934082,2.12415623664856,11.174853324890137,2.006457567214966,10.112520217895508,0.4588885307312011,9.587091445922852,0.4350454807281494,1,4.0,0.8899999856948853,0.245851382613182,0.098340556025505,0.2322288751602172,0.092891551554203,5.579999923706055,0.8700000047683716,1.0299999713897705,0.2300000041723251,1.8161565065383911,1.91550612449646,0.8836849927902222,24.82662773132324,0.0904872417449951,0.258010596036911,DECAM/COSMOS,u,0.4698356091976166,2.928800106048584,0.949999988079071,-999.0,UNKNOWN,n,-1.0,214002470,0.0001892289437819,8.375676407013088e-05,29.47105026245117,150.1225128173828,2.269911766052246,4771.8623046875,2.2273199558258057,0.1485999971628189,20190108013,cosmos,20190108,13,multi_027_085_001_RU,20190108013_3_multi_027_085_001_RU_086,0.1712999939918518,640,788,5.079999923706055,15.420000076293944,150.12242126464844,2.269865036010742,HyperSuprimeCam_,r,0.2396706342697143,23.137420654296875,0.0414924062788486,3.1479508876800537,2.438528299331665,0.5910281538963318,/home/bcerqueira/Documents/RESEARCH/FLAEMING/data/32x32/predictions/pred/GRI/111320_897487_COSMOS_SUB_065.jpg,0.74509877,1.0,NONLAE,897487,0.4813288,0.0,LAE,0.50929564,1.0,NONLAE,0.575518,1.0,NONLAE,0.53720015,1.0,NONLAE,0.70285994,1.0,NONLAE,0.57712203,1.0,NONLAE,,0.575518,0.0,1.0,0.0,0.0,0.0,False,146632,45194,1.0,150.12245487258423,2.269802578802339,150.12245487258423,2.269802578802339,0.5160100971488638,2.9009,23.27678
2140000016774,HETDEX J100054.20+021418.5,150.225830078125,2.238485336303711,2.946518659591675,elixer,0.9440829753875732,lae,2100757462,True,line,Lya,150.22567749023438,2.238503932952881,0.000153624030645,3,27.0751953125,27.0751953125,0.0455472692847251,0.0166109651327133,4798.06982421875,0.5099999904632568,11.037123680114746,1.5937012434005735,10.36208152770996,1.496228814125061,,,,,-1,2.869999885559082,0.5099999904632568,-0.0296962987631559,0.0890889093279838,-0.0278800409287214,0.0836401283740997,5.989999771118164,1.0099999904632568,0.9800000190734864,0.209999993443489,1.986032247543335,2.0873892307281494,0.9087989926338196,25.76848602294922,0.2331768721342086,0.5915520191192627,DECAM/COSMOS,u,0.9984525442123412,2.946852207183838,0.949999988079071,-999.0,UNKNOWN,n,-1.0,214004722,0.0001210055852425,9.465306357014924e-05,12.813457489013672,150.22584533691406,2.238490581512451,4797.216796875,1.9734103679656985,0.1509999930858612,20190209021,cosmos,20190209,21,multi_301_052_072_RU,20190209021_2_multi_301_052_072_RU_069,0.2311999946832656,651,631,-1.2699999809265137,17.6299991607666,,,,,,,,,,,/home/bcerqueira/Documents/RESEARCH/FLAEMING/data/32x32/predictions/pred/GRI/106223_861537_COSMOS_SUB_065.jpg,0.4284893,0.0,LAE,861537,0.4586383,0.0,LAE,0.4060349,0.0,LAE,0.50395924,1.0,NONLAE,0.43910387,0.0,LAE,0.4356481,0.0,LAE,0.46859103,0.0,LAE,,0.43910387,0.0,0.0,0.0,0.0,0.0,False,146632,45194,0.0,150.2258174025088,2.2384737558304604,150.2258174025088,2.2384737558304604,0.0617831205993633,2.8466,24.291523
2140000016870,HETDEX J100104.54+021731.2,150.26893615722656,2.291998863220215,2.763012409210205,elixer,0.949999988079071,lae,2100757534,True,line,Lya,150.26898193359375,2.291934013366699,7.921343058114871e-05,3,26.31463623046875,26.31463623046875,0.0474905222654342,0.0173196643590927,4575.68017578125,0.6100000143051147,12.847585678100586,1.9439126253128047,12.050128936767578,1.82325291633606,,,,,-1,3.3399999141693115,0.5600000023841858,0.2368218451738357,0.0986757725477218,0.2221221774816513,0.0925509110093116,5.519999980926514,0.8700000047683716,0.9900000095367432,0.2300000041723251,2.131817579269409,2.252300977706909,0.9047265648841858,25.39877891540528,0.1657074987888336,0.2386384904384613,DECAM/COSMOS,u,0.9990000128746032,2.761899948120117,0.949999988079071,-999.0,UNKNOWN,n,-1.0,214004750,0.0001136553619289,3.204345557605848e-05,89.99748229980469,150.26895141601562,2.2920138835906982,4573.3251953125,1.9734103679656985,0.1509999930858612,20190209021,cosmos,20190209,21,multi_310_033_002_LU,20190209021_1_multi_310_033_002_LU_037,0.249099999666214,541,337,19.06999969482422,-17.6299991607666,,,,,,,,,,,/home/bcerqueira/Documents/RESEARCH/FLAEMING/data/32x32/predictions/pred/GRI/114181_919305_COSMOS_SUB_064.jpg,0.35631606,0.0,LAE,919305,0.3852545,0.0,LAE,0.3310027,0.0,LAE,0.30268943,0.0,LAE,0.42128712,0.0,LAE,0.37379238,0.0,LAE,0.42826876,0.0,LAE,,0.37379238,0.0,0.0,0.0,0.0,0.0,True,146632,45194,0.0,150.26890369023874,2.2919057071220568,150.26890369023874,2.2919057071220568,0.3551154683302084,2.7149,24.505695
2140000017339,HETDEX J100059.56+021638.0,150.24815368652344,2.277219533920288,2.879581928253174,elixer,0.9132770895957948,lae,2100617573,True,line,Lya,150.2482147216797,2.2772738933563232,8.188469655578956e-05,3,25.01098251342773,25.01098251342773,0.0468129478394985,0.0170725546777248,4715.77978515625,0.6399999856948853,7.377505302429199,1.3396247625350952,7.154228210449219,1.299081563949585,,,,,-1,2.759999990463257,0.5799999833106995,0.0478437393903732,0.0765499770641326,0.0463957712054252,0.0742332339286804,5.730000019073486,0.8899999856948853,1.0399999618530271,0.2199999988079071,1.3894294500350952,1.4640322923660278,0.9267759323120116,25.794811248779297,0.1992449015378952,0.3449844419956207,DECAM/COSMOS,g,0.9990000128746032,2.87916111946106,0.949999988079071,-999.0,UNKNOWN,n,-1.0,214004928,4.905854075332172e-05,1.6063504517660476e-05,43.52006530761719,150.24815368652344,2.277214765548706,4715.96728515625,1.3032970428466797,0.1604000031948089,20181215031,cosmos,20181215,31,multi_323_043_040_RU,20181215031_1_multi_323_043_040_RU_059,0.3246999979019165,618,539,24.14999961853028,17.6299991607666,,,,,,,,,,,/home/bcerqueira/Documents/RESEARCH/FLAEMING/data/32x32/predictions/pred/GRI/112011_902799_COSMOS_SUB_064.jpg,0.08087631,0.0,LAE,902799,0.124523535,0.0,LAE,0.04402884,0.0,LAE,0.04384681,0.0,LAE,0.038967513,0.0,LAE,0.040933874,0.0,LAE,0.12920885,0.0,LAE,,0.04402884,0.0,0.0,0.0,0.0,0.0,True,146632,45194,0.0,150.2482188950861,2.277213129326517,150.2482188950861,2.277213129326517,0.2356958805364097,2.7034,25.633774
2140000017722,HETDEX J100119.95+021915.9,150.33311462402344,2.321094989776612,0.0,diagnose,0.8999999761581421,star,2190019954,True,cont,,150.33309936523438,2.321492910385132,0.0003981505869887,3,21.278377532958984,21.278377532958984,0.0471799001097679,0.0172063820064067,0.0,0.0,,,,,,,,,-1,0.0,0.0,,,,,,0.0,0.0,0.0,,,0.8930000066757202,24.186384201049805,0.0985446944832801,1.7310680150985718,DECAM/COSMOS,r,,,,-2.251098152328268e-07,STAR,K,-1.0,-1,,,,,,,1.2000000476837158,0.1168000027537345,20181119016,cosmos,20181119,16,multi_401_013_043_LU,20181119016_1_multi_401_013_043_LU_102,0.5375999808311462,514,923,2.539999961853028,-24.239999771118164,,,,,,,,,,,/home/bcerqueira/Documents/RESEARCH/FLAEMING/data/32x32/predictions/pred/GRI/118682_951190_COSMOS_SUB_076.jpg,0.40907338,0.0,LAE,951190,0.3504183,0.0,LAE,0.38356695,0.0,LAE,0.43725318,0.0,LAE,0.5473954,1.0,NONLAE,0.5138262,1.0,NONLAE,0.5014311,1.0,NONLAE,,0.43725318,0.0,0.0,0.0,0.0,0.0,False,146632,45194,0.0,150.3330492812834,2.3210539836002138,150.3330492812834,2.3210539836002138,0.2775545622097901,2.1477,24.163446
2140000017733,HETDEX J100046.30+021154.1,150.19293212890625,2.198372602462769,2.9795713424682617,elixer,0.949999988079071,lae,2100544827,True,line,Lya,150.19293212890625,2.1982979774475098,7.470519631169736e-05,3,26.512836456298828,26.512836456298828,0.0455493666231632,0.0166117306798696,4836.759765625,0.75,14.01725959777832,2.12001371383667,13.466449737548828,2.036707639694214,,,,,-1,4.699999809265137,0.8899999856948853,-0.1355260014533996,0.077443428337574,-0.1302004903554916,0.0744002759456634,5.800000190734863,0.8700000047683716,1.0,0.2300000041723251,1.882128119468689,1.977147340774536,0.9304879903793336,26.88025283813477,0.1495025753974914,0.4431704878807068,DECAM/COSMOS,u,0.9989790320396424,2.978678226470948,0.949999988079071,-999.0,UNKNOWN,n,-1.0,214005044,8.021535904845223e-05,3.448222923907451e-05,55.0109977722168,150.19293212890625,2.198364734649658,4836.47119140625,1.3091036081314087,0.1506000012159347,20181115017,cosmos,20181115,17,multi_325_072_044_LU,20181115017_3_multi_325_072_044_LU_022,0.3113000094890594,676,215,7.630000114440918,-15.420000076293944,,,,,,,,,,,/home/bcerqueira/Documents/RESEARCH/FLAEMING/data/32x32/predictions/pred/GRI/98923_816099_COSMOS_SUB_065.jpg,0.53891605,1.0,NONLAE,816099,0.515126,1.0,NONLAE,0.42181957,0.0,LAE,0.43629164,0.0,LAE,0.61880136,1.0,NONLAE,0.5603984,1.0,NONLAE,0.53848183,1.0,NONLAE,,0.53848183,0.0,1.0,0.0,0.0,0.0,False,146632,45194,0.0,150.19294715511214,2.1983097399832063,150.19294715511214,2.1983097399832063,0.2326710378409085,3.0005,24.126741
2140000019758,HETDEX J100003.27+021007.2,150.01361083984375,2.168666362762451,2.632168292999268,elixer,0.7836213707923889,lae,2100131938,True,line,Lya,150.0135498046875,2.1687140464782715,7.736610132269561e-05,3,24.02597427368164,24.02597427368164,0.0528601370751857,0.019277948886156,4414.2099609375,0.3700000047683716,9.106472969055176,1.2319918870925903,8.181564331054688,1.106863260269165,,,,,-1,2.1600000858306885,0.3300000131130218,0.1847988069057464,0.0718661993741989,0.1660294979810714,0.0645670220255851,6.28000020980835,1.059999942779541,0.9900000095367432,0.2399999946355819,1.6045116186141968,1.7097725868225098,0.9363117218017578,25.009441375732425,0.0867271348834037,0.1727945208549499,DECAM/COSMOS,u,0.8918107151985168,2.6310923099517822,0.7836213707923889,-999.0,UNKNOWN,n,-1.0,214005780,7.283042214112356e-05,4.685115345637314e-05,41.06475830078125,150.0135955810547,2.1686489582061768,4413.8935546875,1.2523512840270996,0.1756999939680099,20180123009,cosmos,20180123,9,multi_025_076_032_LL,20180123009_2_multi_025_076_032_LL_018,0.3637000024318695,478,182,5.079999923706055,-2.200000047683716,,,,,,,,,,,/home/bcerqueira/Documents/RESEARCH/FLAEMING/data/32x32/predictions/pred/GRI/93590_783889_COSMOS_SUB_066.jpg,0.3728579,0.0,LAE,783889,0.2577311,0.0,LAE,0.17631248,0.0,LAE,0.2829711,0.0,LAE,0.38989276,0.0,LAE,0.38274956,0.0,LAE,0.34895414,0.0,LAE,,0.34895414,0.0,0.0,0.0,0.0,0.0,True,146632,45194,0.0,150.01358678811917,2.1687529855686427,150.01358678811917,2.1687529855686427,0.3236231328896415,2.5981,23.842352
2140000050026,HETDEX J100103.78+022157.5,150.26573181152344,2.365980863571167,2.552313327789306,elixer,0.949999988079071,lae,2100680578,True,line,Lya,150.26560974121094,2.36586594581604,0.0001676643878454,2,24.880102157592773,24.880102157592773,0.0498809106647968,0.0181914325803518,4317.16015625,0.5799999833106995,18.40248107910156,2.2415788173675537,17.302135467529297,2.1075475215911865,,,,,-1,4.639999866485596,0.7099999785423279,-0.313233733177185,0.0978855416178703,-0.2945044636726379,0.092032641172409,6.059999942779541,0.9300000071525574,1.090000033378601,0.2199999988079071,2.4063720703125,2.558361053466797,0.869644284248352,24.796844482421875,0.1106677055358886,1.2366188764572144,DECAM/COSMOS,u,0.9990000128746032,2.551259994506836,0.949999988079071,-999.0,UNKNOWN,n,-1.0,214018136,0.0001671409700065,2.343223968637176e-06,43.81501770019531,150.26571655273438,2.3659651279449463,4316.4423828125,2.466540813446045,0.1447000056505203,20190112023,cosmos,20190112,23,multi_303_025_013_LL,20190112023_1_multi_303_025_013_LL_045,0.1571000069379806,418,433,-13.979999542236328,-4.409999847412109,,,,,,,,,,,/home/bcerqueira/Documents/RESEARCH/FLAEMING/data/32x32/predictions/pred/GRI/125404_1000124_COSMOS_SUB_076.jpg,0.11936983,0.0,LAE,1000124,0.13365886,0.0,LAE,0.08587959,0.0,LAE,0.10184051,0.0,LAE,0.31646553,0.0,LAE,0.2572168,0.0,LAE,0.26604933,0.0,LAE,,0.13365886,0.0,0.0,0.0,0.0,0.0,True,146632,45194,0.0,150.26582703900905,2.366094614066509,150.26582703900905,2.366094614066509,0.5338691241841669,2.3766,24.37158
2140000226202,HETDEX J100109.76+021614.9,150.29010009765625,2.270550012588501,0.0,diagnose,0.8999999761581421,star,2190019925,False,cont,,150.2906494140625,2.2708001136779785,0.0,2,18.853734970092773,18.853734970092773,0.0460153631865978,0.0167816784232854,0.0,0.0,,,,,,,,,-1,0.0,0.0,,,,,,0.0,0.0,0.0,,,0.5109999775886536,,,,,,,,,-2.635642317727616e-07,STAR,G,-1.0,-1,,,,,,,1.2000000476837158,0.1168000027537345,20181119016,cosmos,20181119,16,multi_320_032_020_RL,20181119016_1_multi_320_032_020_RL_102,0.2309000045061111,507,921,-22.8799991607666,2.200000047683716,,,,,,,,,,,/home/bcerqueira/Documents/RESEARCH/FLAEMING/data/32x32/predictions/pred/GRI/111101_895841_COSMOS_SUB_064.jpg,0.6770914,1.0,NONLAE,895841,0.771903,1.0,NONLAE,0.76054496,1.0,NONLAE,0.7707623,1.0,NONLAE,0.64927596,1.0,NONLAE,0.7183891,1.0,NONLAE,0.8710691,1.0,NONLAE,,0.76054496,0.0,1.0,0.0,0.0,0.0,False,146632,45194,1.0,150.2900876208241,2.270769981937495,150.2900876208241,2.270769981937495,0.7931604891053347,2.7492,26.193819
2140000226212,HETDEX J100100.96+021400.9,150.25399780273438,2.233577013015747,0.0,diagnose,0.8999999761581421,star,2190019904,True,cont,,150.25399780273438,2.233577013015747,0.0,1,20.288471221923828,20.288471221923828,0.0451113060116767,0.0164519716054201,0.0,0.0,,,,,,,,,-1,0.0,0.0,,,,,,0.0,0.0,0.0,,,0.9850000143051147,26.173376083374023,0.0828401669859886,0.9760285019874572,DECAM/COSMOS,u,,,,-2.3169228313690845e-07,STAR,G,-1.0,-1,,,,,,,1.2000000476837158,0.1168000027537345,20181119016,cosmos,20181119,16,multi_301_052_072_LU,20181119016_1_multi_301_052_072_LU_017,0.535099983215332,501,159,20.34000015258789,-15.420000076293944,,,,,,,,,,,/home/bcerqueira/Documents/RESEARCH/FLAEMING/data/32x32/predictions/pred/GRI/105339_855813_COSMOS_SUB_064.jpg,0.33753398,0.0,LAE,855813,0.34506822,0.0,LAE,0.2682784,0.0,LAE,0.32993957,0.0,LAE,0.4479062,0.0,LAE,0.411346,0.0,LAE,0.4378599,0.0,LAE,,0.34506822,0.0,0.0,0.0,0.0,0.0,True,146632,45194,0.0,150.25400953394026,2.233847058741105,150.25400953394026,2.233847058741105,0.9730801059732592,2.0128,24.409657
2140100002583,HETDEX J100053.13+021319.2,150.2213897705078,2.22200608253479,0.3718306124210357,elixer,0.2811936140060425,oii,2100548602,True,line,,150.22145080566406,2.2220160961151123,6.180880154715851e-05,2,24.43807029724121,24.43807029724121,0.0451131463050842,0.0164526421576738,3905.530029296875,0.6800000071525574,16.054443359375,2.391298532485962,14.764264106750488,2.199127197265625,2.190293550491333,0.6219928860664368,2.093660831451416,0.5945514440536499,1,3.869999885559082,0.7099999785423279,0.0694568008184433,0.0992240011692047,0.0638750568032264,0.0912500843405723,5.639999866485596,0.8899999856948853,1.0499999523162842,0.209999993443489,2.783407688140869,2.9563536643981934,0.9367305636405944,24.614362716674805,0.1253450214862823,0.1457687318325042,DECAM/COSMOS,u,0.9125990867614746,2.2126564979553223,0.8251981139183044,-999.0,UNKNOWN,n,-1.0,-1,,,,,,,1.2000000476837158,0.1168000027537345,20181119016,cosmos,20181119,16,multi_324_062_055_RL,20181119016_2_multi_324_062_055_RL_057,0.4864000082015991,204,520,-7.630000114440918,6.610000133514404,150.22145080566406,2.222003936767578,HyperSuprimeCam_,r,0.3224071562290191,23.81692123413086,0.0646097362041473,2.7239480018615723,1.803801655769348,0.5561031103134155,/home/bcerqueira/Documents/RESEARCH/FLAEMING/data/32x32/predictions/pred/GRI/103279_843013_COSMOS_SUB_065.jpg,0.44871947,0.0,LAE,843013,0.43146732,0.0,LAE,0.32433048,0.0,LAE,0.41514096,0.0,LAE,0.36074936,0.0,LAE,0.5008263,1.0,NONLAE,0.37472287,0.0,LAE,,0.41514096,0.0,0.0,0.0,0.0,0.0,False,146632,45194,0.0,150.2215315771359,2.222015202088054,150.2215315771359,2.222015202088054,0.5111753713475038,2.32,23.790306
2140100313875,HETDEX J100035.96+021153.9,150.1498260498047,2.198298931121826,2.6982901096343994,elixer,0.949999988079071,lae,2100757737,True,line,Lya,150.1498260498047,2.198298931121826,0.0,1,26.04835700988769,26.04835700988769,0.0480294041335582,0.0175161939114332,4494.56982421875,0.4099999964237213,14.702634811401367,1.768104910850525,12.909655570983888,1.5524853467941284,,,,,-1,2.7100000381469727,0.3700000047683716,-0.2946841418743133,0.1052443459630012,-0.2587475776672363,0.0924098491668701,5.840000152587891,1.0099999904632568,0.9900000095367432,0.2199999988079071,2.646393299102783,2.8007383346557617,0.544546902179718,25.34349632263184,0.1179239377379417,0.4782869517803192,DECAM/COSMOS,g,0.9906920194625854,2.697195529937744,0.949999988079071,-999.0,UNKNOWN,n,-1.0,-1,,,,,,,1.9734103679656985,0.1509999930858612,20190209021,cosmos,20190209,21,multi_326_082_034_RU,20190209021_1_multi_326_082_034_RU_019,0.2531999945640564,505,185,-22.8799991607666,24.239999771118164,,,,,,,,,,,/home/bcerqueira/Documents/RESEARCH/FLAEMING/data/32x32/predictions/pred/GRI/99105_817254_COSMOS_SUB_065.jpg,0.5530241,1.0,NONLAE,817254,0.54677445,1.0,NONLAE,0.47703096,0.0,LAE,0.5691148,1.0,NONLAE,0.48628372,0.0,LAE,0.5543646,1.0,NONLAE,0.61987543,1.0,NONLAE,,0.5530241,0.0,1.0,0.0,0.0,0.0,False,146632,45194,0.0,150.1499132030906,2.1983818881777384,150.1499132030906,2.1983818881777384,0.4329947354131058,2.5783,24.609577
2140100317607,HETDEX J100048.23+021333.3,150.20094299316406,2.225904941558838,2.4814767837524414,elixer,0.949999988079071,lae,2100729784,True,line,Lya,150.20094299316406,2.225904941558838,0.0,1,25.32537269592285,25.32537269592285,0.0456928834319114,0.016664071008563,4231.06982421875,0.8199999928474426,14.861600875854492,2.215515613555908,13.924567222595217,2.075825929641724,,,,,-1,5.920000076293945,1.090000033378601,-0.0196063313633203,0.0784253254532814,-0.0183701403439044,0.0734805613756179,6.630000114440918,0.8999999761581421,1.0299999713897705,0.2300000041723251,1.6502379179000854,1.7472668886184692,0.9255725741386414,25.900060653686523,0.1832098066806793,0.6712294816970825,DECAM/COSMOS,u,0.9990000128746032,2.480442762374878,0.949999988079071,-999.0,UNKNOWN,n,-1.0,-1,,,,,,,1.7146788835525513,0.1638000011444091,20190204014,cosmos,20190204,14,multi_324_062_055_RL,20190204014_3_multi_324_062_055_RL_001,0.3203999996185303,366,22,-13.979999542236328,13.220000267028809,,,,,,,,,,,/home/bcerqueira/Documents/RESEARCH/FLAEMING/data/32x32/predictions/pred/GRI/103887_846881_COSMOS_SUB_065.jpg,0.23177259,0.0,LAE,846881,0.35653904,0.0,LAE,0.17410591,0.0,LAE,0.14902514,0.0,LAE,0.29052654,0.0,LAE,0.28432697,0.0,LAE,0.2594274,0.0,LAE,,0.2594274,0.0,0.0,0.0,0.0,0.0,True,146632,45194,0.0,150.2008930832648,2.2257520178856938,150.2008930832648,2.2257520178856938,0.5790618789266592,2.87,24.886372
2140100317654,HETDEX J100028.52+021544.3,150.11883544921875,2.262295961380005,2.2026896476745605,elixer,0.949999988079071,lae,2100729066,True,line,Lya,150.11883544921875,2.262295961380005,0.0,1,25.12449836730957,25.12449836730957,0.0489368624985218,0.0178471412509679,3892.25,0.4799999892711639,10.997583389282228,1.2562967538833618,10.062801361083984,1.1495131254196167,,,,,-1,3.559999942779541,0.4600000083446502,-0.0398824363946914,0.0697942748665809,-0.0364924781024456,0.0638618394732475,5.510000228881836,0.9800000190734864,0.9900000095367432,0.2199999988079071,1.9669605493545528,2.1002488136291504,0.915453553199768,24.4915771484375,0.0779591053724289,0.4095759987831116,DECAM/COSMOS,u,0.9990000128746032,2.201732397079468,0.949999988079071,-999.0,UNKNOWN,n,-1.0,-1,,,,,,,1.7146788835525513,0.1638000011444091,20190204014,cosmos,20190204,14,multi_027_085_001_LL,20190204014_2_multi_027_085_001_LL_032,0.3278999924659729,199,309,19.06999969482422,-4.409999847412109,,,,,,,,,,,/home/bcerqueira/Documents/RESEARCH/FLAEMING/data/32x32/predictions/pred/GRI/110186_888770_COSMOS_SUB_065.jpg,0.7242636,1.0,NONLAE,888770,0.52766013,1.0,NONLAE,0.6420437,1.0,NONLAE,0.65371686,1.0,NONLAE,0.77617484,1.0,NONLAE,0.5354009,1.0,NONLAE,0.6505168,1.0,NONLAE,,0.6505168,0.0,1.0,0.0,0.0,0.0,False,146632,45194,1.0,150.1187217178453,2.262325734576983,150.1187217178453,2.262325734576983,0.4229212987937763,2.1935,23.984255
2140100326116,HETDEX J100032.63+021847.4,150.1359405517578,2.3131649494171143,2.600654363632202,elixer,0.949999988079071,lae,2100671631,True,line,Lya,150.1359405517578,2.3131649494171143,0.0,1,25.22418975830078,25.22418975830078,0.0463552996516227,0.016905652359128,4375.91015625,0.6899999976158142,15.33247184753418,2.086318254470825,14.358094215393066,1.95373284816742,,,,,-1,4.989999771118164,0.8299999833106995,0.0984112471342086,0.08857012540102,0.0921572148799896,0.0829414948821067,5.769999980926514,0.9399999976158142,1.0099999904632568,0.2300000041723251,2.04801869392395,2.1664061546325684,0.8905335068702698,25.927846908569336,0.193396583199501,0.3058386445045471,DECAM/COSMOS,u,0.9990000128746032,2.599587202072144,0.949999988079071,-999.0,UNKNOWN,n,-1.0,-1,,,,,,,2.2273199558258057,0.1485999971628189,20190108013,cosmos,20190108,13,multi_025_076_032_LL,20190108013_3_multi_025_076_032_LL_079,0.2020999938249588,451,733,-1.2699999809265137,-8.8100004196167,,,,,,,,,,,/home/bcerqueira/Documents/RESEARCH/FLAEMING/data/32x32/predictions/pred/GRI/117258_941243_COSMOS_SUB_077.jpg,0.14919074,0.0,LAE,941243,0.21064164,0.0,LAE,0.08289881,0.0,LAE,0.13573052,0.0,LAE,0.1723526,0.0,LAE,0.19473335,0.0,LAE,0.16162148,0.0,LAE,,0.16162148,0.0,0.0,0.0,0.0,0.0,True,146632,45194,0.0,150.13594691470394,2.313111438327092,150.13594691470394,2.313111438327092,0.1939948406295534,2.4953,25.172298
2140100334449,HETDEX J100048.55+021515.3,150.20228576660156,2.25424599647522,3.124281406402588,elixer,0.6812835931777954,lae,2100617565,True,line,Lya,150.20228576660156,2.25424599647522,0.0,1,26.271160125732425,26.271160125732425,0.0459758415818214,0.0167672652751207,5012.2900390625,0.3100000023841858,5.7598981857299805,0.7323580980300903,5.430349826812744,0.6904568076133728,,,,,-1,1.870000004768372,0.3199999928474426,0.1781411617994308,0.0494836568832397,0.1679489612579345,0.0466524884104728,5.960000038146973,1.1200000047683716,1.0499999523162842,0.25,1.211139678955078,1.269835352897644,0.9400408267974854,27.468578338623047,0.2347315549850464,0.6877576112747192,DECAM/COSMOS,u,0.8406417965888977,3.123067855834961,0.6812835931777954,-999.0,UNKNOWN,n,-1.0,-1,,,,,,,1.3032970428466797,0.1604000031948089,20181215031,cosmos,20181215,31,multi_322_063_062_RL,20181215031_2_multi_322_063_062_RL_091,0.4248000085353851,770,816,5.079999923706055,2.200000047683716,,,,,,,,,,,/home/bcerqueira/Documents/RESEARCH/FLAEMING/data/32x32/predictions/pred/GRI/108793_878654_COSMOS_SUB_065.jpg,0.5807806,1.0,NONLAE,878654,0.53013176,1.0,NONLAE,0.55681676,1.0,NONLAE,0.7531119,1.0,NONLAE,0.79056644,1.0,NONLAE,0.7076771,1.0,NONLAE,0.65259695,1.0,NONLAE,,0.65259695,0.0,1.0,0.0,0.0,0.0,False,146632,45194,1.0,150.20221051769974,2.254344631820999,150.20221051769974,2.254344631820999,0.4464953271958446,3.1582,24.60157
2140100334460,HETDEX J100114.53+021703.2,150.31056213378906,2.2842230796813965,3.502303123474121,elixer,0.949999988079071,lae,2100617312,True,line,Lya,150.31056213378906,2.2842230796813965,0.0,1,27.72030258178711,27.72030258178711,0.0460974127054214,0.0168116018176078,5471.7099609375,0.5400000214576721,6.768120288848877,1.0970035791397097,6.491771697998047,1.052211880683899,,,,,-1,2.6600000858306885,0.5,-0.1077414229512214,0.0587680488824844,-0.1033422425389289,0.0563684962689876,5.610000133514404,0.9200000166893004,1.0,0.2199999988079071,1.3917534351348877,1.451187014579773,0.9441223740577698,25.16919708251953,0.1213370189070701,3.924123287200928,DECAM/COSMOS,u,0.9990000128746032,3.500982999801636,0.949999988079071,-999.0,UNKNOWN,n,-1.0,-1,,,,,,,1.3032970428466797,0.1604000031948089,20181215031,cosmos,20181215,31,multi_316_022_052_RU,20181215031_2_multi_316_022_052_RU_080,0.4735000133514404,999,740,20.34000015258789,15.420000076293944,,,,,,,,,,,/home/bcerqueira/Documents/RESEARCH/FLAEMING/data/32x32/predictions/pred/GRI/112917_910003_COSMOS_SUB_064.jpg,0.5969357,1.0,NONLAE,910003,0.8301257,1.0,NONLAE,0.38016742,0.0,LAE,0.69677246,1.0,NONLAE,0.66342646,1.0,NONLAE,0.7607438,1.0,NONLAE,0.6576368,1.0,NONLAE,,0.66342646,0.0,1.0,0.0,0.0,0.0,False,146632,45194,1.0,150.31053907911704,2.284065789230975,150.31053907911704,2.284065789230975,0.5722863216505932,3.5486,27.613003
2140100334497,HETDEX J100042.71+021407.9,150.177978515625,2.2355411052703857,2.397960901260376,elixer,0.949999988079071,lae,2100617091,True,line,Lya,150.177978515625,2.2355411052703857,0.0,1,26.497108459472656,26.497108459472656,0.0463661961257457,0.0169096253812313,4129.56982421875,0.7599999904632568,12.610312461853027,1.995736002922058,11.812026023864746,1.8693974018096924,,,,,-1,4.369999885559082,0.8600000143051147,-0.1271792501211166,0.0880471915006637,-0.1191282570362091,0.0824734196066856,6.019999980926514,0.949999988079071,0.9900000095367432,0.2199999988079071,1.6131024360656738,1.711480736732483,0.9292235970497132,25.72130584716797,0.1945107132196426,0.8886175155639648,DECAM/COSMOS,u,0.9990000128746032,2.3969497680664062,0.949999988079071,-999.0,UNKNOWN,n,-1.0,-1,,,,,,,1.3032970428466797,0.1604000031948089,20181215031,cosmos,20181215,31,multi_203_073_031_RL,20181215031_3_multi_203_073_031_RL_009,0.3407000005245209,318,81,15.25,11.020000457763672,,,,,,,,,,,/home/bcerqueira/Documents/RESEARCH/FLAEMING/data/32x32/predictions/pred/GRI/105530_856956_COSMOS_SUB_065.jpg,0.46200618,0.0,LAE,856956,0.3110231,0.0,LAE,0.48965397,0.0,LAE,0.28296468,0.0,LAE,0.38836277,0.0,LAE,0.28976032,0.0,LAE,0.3563126,0.0,LAE,,0.3563126,0.0,0.0,0.0,0.0,0.0,True,146632,45194,0.0,150.17816693824474,2.235568956909104,150.17816693824474,2.235568956909104,0.6851810626027637,2.3044,26.666279
2140100334513,HETDEX J100028.66+021351.2,150.1194305419922,2.2308828830718994,2.8863461017608643,elixer,0.949999988079071,lae,2100616873,True,line,Lya,150.1194305419922,2.2308828830718994,0.0,1,25.54990577697754,25.54990577697754,0.0498460717499256,0.0181787274777889,4723.1201171875,0.75,10.050459861755373,1.6295405626296997,9.558831214904783,1.5498298406600952,,,,,-1,4.199999809265137,0.800000011920929,-0.029273185878992,0.0683040991425514,-0.0278412550687789,0.0649629309773445,5.860000133514404,0.8899999856948853,0.9900000095367432,0.2199999988079071,1.478911519050598,1.563439965248108,0.9390846490859984,26.153215408325195,0.2102943956851959,0.1642538458108902,DECAM/COSMOS,g,0.9990000128746032,2.8851993083953857,0.949999988079071,-999.0,UNKNOWN,n,-1.0,-1,,,,,,,1.3032970428466797,0.1604000031948089,20181215031,cosmos,20181215,31,multi_032_094_028_LL,20181215031_3_multi_032_094_028_LL_013,0.3312000036239624,624,129,17.799999237060547,-2.200000047683716,,,,,,,,,,,/home/bcerqueira/Documents/RESEARCH/FLAEMING/data/32x32/predictions/pred/GRI/104739_852094_COSMOS_SUB_065.jpg,0.5721578,1.0,NONLAE,852094,0.51031715,1.0,NONLAE,0.53122514,1.0,NONLAE,0.58189154,1.0,NONLAE,0.7335535,1.0,NONLAE,0.6210316,1.0,NONLAE,0.50386953,1.0,NONLAE,,0.5721578,0.0,1.0,0.0,0.0,0.0,False,146632,45194,1.0,150.1193273511378,2.230866289823256,150.1193273511378,2.230866289823256,0.3759812384420489,2.838,25.673698
2140100345741,HETDEX J100048.61+021201.2,150.20254516601562,2.2003231048583984,2.6329503059387207,elixer,0.949999988079071,lae,2100547811,True,line,Lya,150.20254516601562,2.2003231048583984,0.0,1,27.60291862487793,27.60291862487793,0.0452902391552925,0.0165172275155782,4415.16015625,0.800000011920929,10.652172088623049,2.86936902999878,10.238709449768066,2.7579946517944336,,,,,-1,2.400000095367432,0.7699999809265137,-0.2015275806188583,0.1439483016729354,-0.1937053054571151,0.1383609473705291,5.539999961853027,0.9399999976158142,1.1399999856948853,0.2399999946355819,2.3211874961853027,2.45103120803833,0.9327412247657776,25.70802116394043,0.1466426402330398,0.7993146181106567,DECAM/COSMOS,u,0.9990000128746032,2.631873846054077,0.949999988079071,-999.0,UNKNOWN,n,-1.0,-1,,,,,,,1.2585843801498413,0.1321000009775161,20181119015,cosmos,20181119,15,multi_325_072_044_RL,20181119015_1_multi_325_072_044_RL_064,0.3201999962329864,465,573,24.14999961853028,4.409999847412109,,,,,,,,,,,/home/bcerqueira/Documents/RESEARCH/FLAEMING/data/32x32/predictions/pred/GRI/99245_818249_COSMOS_SUB_065.jpg,0.18934609,0.0,LAE,818249,0.21391234,0.0,LAE,0.059874758,0.0,LAE,0.094948836,0.0,LAE,0.18086001,0.0,LAE,0.25346953,0.0,LAE,0.2724493,0.0,LAE,,0.18934609,0.0,0.0,0.0,0.0,0.0,True,146632,45194,0.0,150.20273289127755,2.2003237731662333,150.20273289127755,2.2003237731662333,0.675316953055785,2.5988,24.816252
2140100346053,HETDEX J100027.20+021643.5,150.1133270263672,2.278748035430908,2.137629270553589,elixer,0.949999988079071,lae,2100544932,True,line,Lya,150.1133270263672,2.278748035430908,0.0,1,26.881277084350582,26.881277084350582,0.0485666617751121,0.0177121292799711,3813.179931640625,0.3499999940395355,18.356454849243164,2.176382303237915,16.98711395263672,2.0140302181243896,,,,,-1,2.369999885559082,0.3199999928474426,-0.9060055017471312,0.1280224919319152,-0.8384198546409607,0.1184723600745201,5.690000057220459,1.0800000429153442,1.0299999713897705,0.2300000041723251,3.917043447494507,4.184813499450684,0.8720012307167053,26.09083366394043,0.1278319656848907,4.286149978637695,DECAM/COSMOS,g,0.9990000128746032,2.1366899013519287,0.949999988079071,-999.0,UNKNOWN,n,-1.0,-1,,,,,,,1.6069494485855105,0.1383000016212463,20181116015,cosmos,20181116,15,multi_017_086_022_LU,20181116015_1_multi_017_086_022_LU_098,0.32710000872612,165,882,12.710000038146973,-24.239999771118164,,,,,,,,,,,/home/bcerqueira/Documents/RESEARCH/FLAEMING/data/32x32/predictions/pred/GRI/112216_904304_COSMOS_SUB_065.jpg,0.6053533,1.0,NONLAE,904304,0.4205524,0.0,LAE,0.3907956,0.0,LAE,0.48997802,0.0,LAE,0.4300598,0.0,LAE,0.46414348,0.0,LAE,0.48089093,0.0,LAE,,0.46414348,0.0,0.0,0.0,0.0,0.0,False,146632,45194,0.0,150.11306521613918,2.278720003765126,150.11306521613918,2.278720003765126,0.9471627056186034,2.5521,26.341002
2140100346089,HETDEX J100048.59+022038.2,150.20245361328125,2.34393310546875,3.3263254165649414,elixer,0.949999988079071,lae,2100544670,True,line,Lya,150.20245361328125,2.34393310546875,0.0,1,26.035951614379883,26.035951614379883,0.0469608716666698,0.017126502469182,5257.83984375,0.5400000214576721,10.796257019042969,1.4877524375915527,10.05964183807373,1.3862448930740356,,,,,-1,3.2300000190734863,0.5299999713897705,-0.0603142865002155,0.0804190561175346,-0.0561991184949874,0.0749321579933166,5.579999923706055,0.8999999761581421,0.9900000095367432,0.2199999988079071,1.7975095510482788,1.880462646484375,0.932856261730194,25.53384780883789,0.1949806958436966,0.5755462050437927,DECAM/COSMOS,g,0.9990000128746032,3.3250551223754883,0.949999988079071,-999.0,UNKNOWN,n,-1.0,-1,,,,,,,1.3091036081314087,0.1506000012159347,20181115017,cosmos,20181115,17,multi_309_046_005_LU,20181115017_1_multi_309_046_005_LU_071,0.3199000060558319,892,644,-17.799999237060547,-19.82999992370605,,,,,,,,,,,/home/bcerqueira/Documents/RESEARCH/FLAEMING/data/32x32/predictions/pred/GRI/121967_975976_COSMOS_SUB_077.jpg,0.70797026,1.0,NONLAE,975976,0.6864469,1.0,NONLAE,0.67828125,1.0,NONLAE,0.770604,1.0,NONLAE,0.9110439,1.0,NONLAE,0.86873406,1.0,NONLAE,0.7984915,1.0,NONLAE,,0.770604,0.0,1.0,0.0,0.0,0.0,False,146632,45194,1.0,150.20227824633713,2.343950596848526,150.20227824633713,2.343950596848526,0.6339279383317915,3.3214,24.947884
2140100406549,HETDEX J100023.67+021506.3,150.0986328125,2.251744031906128,3.172811508178711,elixer,0.949999988079071,lae,2100126093,True,line,Lya,150.0986328125,2.251744031906128,0.0,1,26.747583389282227,26.747583389282227,0.0504830181598663,0.0184110198169946,5071.27001953125,0.550000011920929,11.165764808654783,1.393232822418213,10.480353355407717,1.307708978652954,,,,,-1,3.930000066757202,0.5699999928474426,-0.2189365625381469,0.0696616321802139,-0.2054971158504486,0.0653854459524154,5.519999980926514,0.9300000071525574,1.0,0.2199999988079071,1.709781289100647,1.7994301319122314,0.9097906947135924,,,,,,0.9990000128746032,3.171584367752075,0.949999988079071,-999.0,UNKNOWN,n,-1.0,-1,,,,,,,1.9076032638549805,0.1303000003099441,20180113013,cosmos,20180113,13,multi_313_037_010_LU,20180113013_3_multi_313_037_010_LU_083,0.2115000039339065,800,759,1.2699999809265137,-22.030000686645508,,,,,,,,,,,/home/bcerqueira/Documents/RESEARCH/FLAEMING/data/32x32/predictions/pred/GRI/108283_875173_COSMOS_SUB_065.jpg,0.32871246,0.0,LAE,875173,0.42246294,0.0,LAE,0.31560206,0.0,LAE,0.54041135,1.0,NONLAE,0.485461,0.0,LAE,0.5558602,1.0,NONLAE,0.47573096,0.0,LAE,,0.47573096,0.0,0.0,0.0,0.0,0.0,False,146632,45194,0.0,150.09854177950433,2.2518071235021058,150.09854177950433,2.2518071235021058,0.3985244322989379,2.8737,29.234465
2140100407230,HETDEX J095951.58+020427.6,149.9649200439453,2.0743439197540283,3.267378330230713,elixer,0.8882062435150146,lae,2100120641,True,line,Lya,149.9649200439453,2.0743439197540283,0.0,1,25.226816177368164,25.226816177368164,0.0535819493234157,0.0195411909371614,5186.2001953125,0.6100000143051147,20.703418731689453,3.81138014793396,19.06041717529297,3.508913040161133,,,,,-1,2.8299999237060547,0.5899999737739563,-0.731784999370575,0.2134372889995575,-0.673711359500885,0.1964991241693496,5.559999942779541,0.9200000166893004,1.0099999904632568,0.2199999988079071,3.8918728828430176,4.10170841217041,0.7015114426612854,25.619091033935547,0.1908260732889175,0.6886516213417053,DECAM/COSMOS,g,0.9441031217575072,3.266124963760376,0.8882062435150146,-999.0,UNKNOWN,n,-1.0,-1,,,,,,,3.03866982460022,0.0953999981284141,20180110021,cosmos,20180110,21,multi_016_104_026_RU,20180110021_1_multi_016_104_026_RU_008,0.1111000031232833,871,78,5.079999923706055,24.239999771118164,,,,,,,,,,,/home/bcerqueira/Documents/RESEARCH/FLAEMING/data/32x32/predictions/pred/GRI/76733_682826_COSMOS_SUB_054.jpg,0.85336494,1.0,NONLAE,682826,0.7852427,1.0,NONLAE,0.8663175,1.0,NONLAE,0.8191013,1.0,NONLAE,0.86106235,1.0,NONLAE,0.8894715,1.0,NONLAE,0.85698515,1.0,NONLAE,,0.85698515,0.0,1.0,0.0,0.0,0.0,False,146632,45194,1.0,149.96507539669727,2.074247549288008,149.96507539669727,2.074247549288008,0.6578267454949307,2.8133,24.852467
2140100407750,HETDEX J100028.15+020931.5,150.1173095703125,2.158754110336304,2.8350327014923096,elixer,0.949999988079071,lae,2100117039,True,line,Lya,150.1173095703125,2.158754110336304,0.0,1,23.33094596862793,23.33094596862793,0.0492057465016841,0.0179452020674943,4662.10009765625,1.2200000286102295,35.46060562133789,6.008741855621338,32.7691650390625,5.55268144607544,,,,,-1,8.4399995803833,1.340000033378601,0.1203754618763923,0.1705319136381149,0.1112390309572219,0.1575886309146881,7.0,1.1200000047683716,1.0099999904632568,0.2199999988079071,3.0201549530029297,3.1933016777038574,0.6927494406700134,26.08572578430176,0.0640746429562568,0.4085014164447784,DECAM/COSMOS,u,0.9930030107498168,2.833899974822998,0.949999988079071,0.2492908090353012,GALAXY,n,-1.0,-1,,,,,,,2.6129605770111084,0.1282999962568283,20171225015,cosmos,20171225,15,multi_202_044_074_LL,20171225015_1_multi_202_044_074_LL_030,0.151199996471405,593,286,24.14999961853028,-4.409999847412109,,,,,,,,,,,/home/bcerqueira/Documents/RESEARCH/FLAEMING/data/32x32/predictions/pred/GRI/91608_772451_COSMOS_SUB_065.jpg,0.48921433,0.0,LAE,772451,0.42818716,0.0,LAE,0.4426518,0.0,LAE,0.39424002,0.0,LAE,0.4791992,0.0,LAE,0.5098909,1.0,NONLAE,0.60056865,1.0,NONLAE,,0.4791992,0.0,0.0,0.0,0.0,0.0,False,146632,45194,0.0,150.11741646682515,2.1586784781555552,150.11741646682515,2.1586784781555552,0.4711859285691903,2.8459,23.441355
2140100416078,HETDEX J100027.76+015510.5,150.1156463623047,1.9195709228515625,3.3173813819885254,elixer,0.949999988079071,lae,2100042833,True,line,Lya,150.1156463623047,1.919571042060852,2.1344344247609123e-07,1,26.13042259216309,26.13042259216309,0.0477545000612735,0.0174159370362758,5246.97021484375,0.3899999856948852,8.324302673339844,1.037916898727417,7.4358811378479,0.9271438717842102,,,,,-1,2.509999990463257,0.3499999940395355,0.1467761099338531,0.0629040524363517,0.1311112493276596,0.0561905354261398,6.710000038146973,0.9399999976158142,1.0399999618530271,0.2199999988079071,1.366649150848389,1.431006669998169,0.9334686994552612,25.85644149780273,0.1926982551813125,0.445667564868927,DECAM/COSMOS,g,0.998757004737854,3.316113948822021,0.949999988079071,-999.0,UNKNOWN,n,-1.0,-1,,,,,,,1.2000000476837158,0.1485999971628189,20170418004,cosmos,20170418,4,multi_041_084_015_RU,20170418004_3_multi_041_084_015_RU_109,0.3659999966621399,881,990,-3.809999942779541,13.220000267028809,,,,,,,,,,,/home/bcerqueira/Documents/RESEARCH/FLAEMING/data/32x32/predictions/pred/GRI/50571_518340_COSMOS_SUB_041.jpg,0.19959134,0.0,LAE,518340,0.21376352,0.0,LAE,0.048302803,0.0,LAE,0.07691211,0.0,LAE,0.07757581,0.0,LAE,0.12476209,0.0,LAE,0.13879788,0.0,LAE,,0.12476209,0.0,0.0,0.0,0.0,0.0,True,146632,45194,0.0,150.11573756887427,1.9195169838992263,150.11573756887427,1.9195169838992263,0.3813063766865399,3.2152,25.542141
2140100416571,HETDEX J100101.91+022100.6,150.25794982910156,2.3501551151275635,2.098438739776612,elixer,0.2436221688985824,lae,2100038262,True,line,Lya,150.25794982910156,2.3501551151275635,0.0,1,24.321985244750977,24.321985244750977,0.0494833253324031,0.0180464349687099,3765.550048828125,0.800000011920929,82.84089660644531,15.0046968460083,76.62906646728516,13.879569053649902,,,,,-1,4.050000190734863,0.8899999856948853,-0.7384201884269714,0.7187290191650391,-0.6830496788024902,0.6648350358009338,5.659999847412109,0.8600000143051147,1.190000057220459,0.2300000041723251,12.362635612487791,13.232964515686035,0.2336720824241638,25.47199440002441,0.2036837488412857,0.917621612548828,DECAM/COSMOS,r,0.6218110918998718,2.0975100994110107,0.2436221688985824,-999.0,UNKNOWN,n,-1.0,-1,,,,,,,2.156293630599976,0.1030000001192092,20170326007,cosmos,20170326,7,multi_017_086_022_LU,20170326007_2_multi_017_086_022_LU_098,0.1225999966263771,143,882,12.710000038146973,-24.239999771118164,,,,,,,,,,,/home/bcerqueira/Documents/RESEARCH/FLAEMING/data/32x32/predictions/pred/GRI/122967_982678_COSMOS_SUB_076.jpg,0.5302938,1.0,NONLAE,982678,0.5035259,1.0,NONLAE,0.46312353,0.0,LAE,0.58872837,1.0,NONLAE,0.7485436,1.0,NONLAE,0.48249167,0.0,LAE,0.5266704,1.0,NONLAE,,0.5266704,0.0,1.0,0.0,0.0,0.0,False,146632,45194,0.0,150.25774080640898,2.3500008423960943,150.25774080640898,2.3500008423960943,0.9347329096835584,2.9279,25.343946
2140100417351,HETDEX J100030.42+022206.0,150.12673950195312,2.368335962295532,2.675333261489868,elixer,0.949999988079071,lae,2100029944,True,line,Lya,150.12673950195312,2.368335962295532,0.0,1,26.06316566467285,26.06316566467285,0.0459285043179988,0.0167500004172325,4466.669921875,0.5199999809265137,14.721587181091309,2.1317622661590576,14.221949577331545,2.059412240982056,,,,,-1,2.9600000381469727,0.4799999892711639,0.0191189423203468,0.1242731437087059,0.0184700638055801,0.1200554147362709,6.059999942779541,1.0,1.1100000143051147,0.2199999988079071,2.4497997760772705,2.587165594100952,0.934530794620514,26.300731658935547,0.2843743562698364,0.7433518767356873,DECAM/COSMOS,u,0.9990000128746032,2.674245357513428,0.949999988079071,-999.0,UNKNOWN,n,-1.0,-1,,,,,,,1.4969518184661863,0.0945999994874,20170221015,cosmos,20170221,15,multi_037_073_031_LL,20170221015_3_multi_037_073_031_LL_073,0.304500013589859,489,665,13.979999542236328,-8.8100004196167,,,,,,,,,,,/home/bcerqueira/Documents/RESEARCH/FLAEMING/data/32x32/predictions/pred/GRI/125646_1001949_COSMOS_SUB_077.jpg,0.16546503,0.0,LAE,1001949,0.18228807,0.0,LAE,0.06882696,0.0,LAE,0.086323634,0.0,LAE,0.07033635,0.0,LAE,0.12100154,0.0,LAE,0.20466506,0.0,LAE,,0.12100154,0.0,0.0,0.0,0.0,0.0,True,146632,45194,0.0,150.12686767711742,2.3681941920514955,150.12686767711742,2.3681941920514955,0.68777547348805,2.7841,25.236858
2140100417540,HETDEX J100021.64+021344.6,150.09017944335938,2.2290499210357666,2.6723546981811523,elixer,0.949999988079071,lae,2100027094,True,line,Lya,150.09017944335938,2.2290499210357666,0.0,1,27.83100700378418,27.83100700378418,0.0517815016210079,0.0188845731317996,4463.0498046875,0.5600000023841858,8.783161163330078,1.663025140762329,8.144617080688477,1.542121410369873,,,,,-1,2.380000114440918,0.550000011920929,-0.2788305580615997,0.109540581703186,-0.2585592865943908,0.1015768647193908,5.730000019073486,1.0399999618530271,1.1799999475479126,0.2199999988079071,1.8954604864120483,2.015811920166016,0.9378547072410583,25.53363990783692,0.1587059199810028,0.8467927575111389,DECAM/COSMOS,r,0.996910572052002,2.671267509460449,0.949999988079071,-999.0,UNKNOWN,n,-1.0,-1,,,,,,,1.388495683670044,0.1022000014781951,20170202003,cosmos,20170202,3,multi_032_094_028_RL,20170202003_3_multi_032_094_028_RL_001,0.451200008392334,483,17,-13.979999542236328,13.220000267028809,,,,,,,,,,,/home/bcerqueira/Documents/RESEARCH/FLAEMING/data/32x32/predictions/pred/GRI/104355_849814_COSMOS_SUB_065.jpg,0.79312515,1.0,NONLAE,849814,0.76468205,1.0,NONLAE,0.74502504,1.0,NONLAE,0.84299856,1.0,NONLAE,0.8620632,1.0,NONLAE,0.7678411,1.0,NONLAE,0.7807715,1.0,NONLAE,,0.7807715,0.0,1.0,0.0,0.0,0.0,False,146632,45194,1.0,150.09009885463703,2.2287879840905123,150.09009885463703,2.2287879840905123,0.9865292880909554,3.1206,25.1792
2140100417547,HETDEX J100016.43+021259.1,150.06846618652344,2.2164039611816406,3.25595760345459,elixer,0.949999988079071,lae,2100026772,True,line,Lya,150.06846618652344,2.2164039611816406,0.0,1,27.212871551513672,27.212871551513672,0.0530543811619281,0.0193487890064716,5172.31982421875,1.2599999904632568,12.95202922821045,2.9327237606048584,12.105731010437012,2.7410967350006104,,,,,-1,5.579999923706055,1.4700000286102295,-0.2502324283123016,0.1101022660732269,-0.2338819801807403,0.1029080674052238,5.730000019073486,0.8700000047683716,1.0199999809265137,0.2300000041723251,1.6761674880981443,1.7659850120544434,0.937475085258484,26.12405776977539,0.1962807327508926,1.1172515153884888,HyperSuprimeCam_,r,0.9990000128746032,3.254707098007202,0.949999988079071,-999.0,UNKNOWN,n,-1.0,-1,,,,,,,1.388495683670044,0.1022000014781951,20170202003,cosmos,20170202,3,multi_016_104_026_RL,20170202003_3_multi_016_104_026_RL_080,0.3923999965190887,853,724,-16.530000686645508,4.409999847412109,,,,,,,,,,,/home/bcerqueira/Documents/RESEARCH/FLAEMING/data/32x32/predictions/pred/GRI/102043_835557_COSMOS_SUB_065.jpg,0.3509351,0.0,LAE,835557,0.38163653,0.0,LAE,0.22203368,0.0,LAE,0.3256987,0.0,LAE,0.29535615,0.0,LAE,0.2959106,0.0,LAE,0.39444688,0.0,LAE,,0.3256987,0.0,0.0,0.0,0.0,0.0,True,146632,45194,0.0,150.06825886208446,2.2165316832507984,150.06825886208446,2.2165316832507984,0.8761549300016176,2.2655,25.773926
2140100417693,HETDEX J100049.69+021751.1,150.20703125,2.2975308895111084,2.5173189640045166,elixer,0.949999988079071,lae,2100022625,True,line,Lya,150.20703125,2.2975308895111084,0.0,1,25.22847366333008,25.22847366333008,0.0467898249626159,0.0170641224831342,4274.6298828125,0.5199999809265137,18.76561164855957,3.4840564727783203,15.005043983459473,2.785862922668457,,,,,-1,2.390000104904175,0.4900000095367431,-0.3564546406269073,0.2184722125530243,-0.2850222885608673,0.1746910810470581,5.570000171661377,0.9700000286102296,1.159999966621399,0.2199999988079071,3.4555819034576416,3.661833763122559,0.4295957386493683,25.00390243530273,0.089164987206459,3.5817813873291016,DECAM/COSMOS,u,0.9959281086921692,2.516274929046631,0.949999988079071,-999.0,UNKNOWN,n,-1.0,-1,,,,,,,1.893414855003357,0.1114000007510185,20170131034,cosmos,20170131,34,multi_004_106_033_RU,20170131034_2_multi_004_106_033_RU_078,0.1657000035047531,393,722,-24.14999961853028,17.6299991607666,,,,,,,,,,,/home/bcerqueira/Documents/RESEARCH/FLAEMING/data/32x32/predictions/pred/GRI/114788_923640_COSMOS_SUB_077.jpg,0.76147,1.0,NONLAE,923640,0.63605905,1.0,NONLAE,0.71075827,1.0,NONLAE,0.8451188,1.0,NONLAE,0.87003773,1.0,NONLAE,0.8156347,1.0,NONLAE,0.8654359,1.0,NONLAE,,0.8156347,0.0,1.0,0.0,0.0,0.0,False,146632,45194,1.0,150.2070081959744,2.297312294348343,150.2070081959744,2.297312294348343,0.7912999750324922,4.9786,27.157898
2140100418076,HETDEX J100054.81+022831.1,150.22836303710938,2.4752979278564453,2.1231396198272705,elixer,0.949999988079071,lae,2100014458,True,line,Lya,150.22836303710938,2.4752979278564453,0.0,1,26.59334373474121,26.59334373474121,0.052104078233242,0.0190022159367799,3795.570068359375,0.6499999761581421,15.941354751586914,2.6979188919067383,14.750815391540527,2.496432065963745,,,,,-1,3.539999961853028,0.6700000166893005,-0.3347782790660858,0.1673891395330429,-0.309776246547699,0.1548881232738495,5.599999904632568,0.949999988079071,1.1299999952316284,0.2199999988079071,2.686826229095459,2.885093927383423,0.9091432094573976,25.087810516357425,0.1310834884643554,0.965242087841034,DECAM/COSMOS,g,0.994879186153412,2.122204303741455,0.949999988079071,-999.0,UNKNOWN,n,-1.0,-1,,,,,,,1.9466863870620728,0.1280000060796737,20170129002,cosmos,20170129,2,multi_047_075_075_RU,20170129002_1_multi_047_075_075_RU_101,0.2666999995708465,151,922,16.530000686645508,13.220000267028809,,,,,,,,,,,/home/bcerqueira/Documents/RESEARCH/FLAEMING/data/32x32/predictions/pred/GRI/141251_1114583_COSMOS_SUB_088.jpg,0.55402327,1.0,NONLAE,1114583,0.56612605,1.0,NONLAE,0.5525529,1.0,NONLAE,0.60495734,1.0,NONLAE,0.60040665,1.0,NONLAE,0.50897694,1.0,NONLAE,0.5397082,1.0,NONLAE,,0.55402327,0.0,1.0,0.0,0.0,0.0,False,146632,45194,1.0,150.22861326291203,2.475337380962223,150.22861326291203,2.475337380962223,0.9111109168451308,2.3306,24.994032
2140100418161,HETDEX J100025.90+021830.3,150.10791015625,2.308413028717041,3.2750720977783203,elixer,0.949999988079071,lae,2100013386,True,line,Lya,150.10791015625,2.308413028717041,0.0,1,23.860998153686523,23.860998153686523,0.047743797302246,0.017412032932043,5195.5498046875,1.0199999809265137,15.857598304748535,3.2674448490142822,14.851669311523438,3.060173749923706,,,,,-1,4.579999923706055,1.2300000190734863,-0.3497264981269836,0.1199062317609787,-0.3275415301322937,0.1122999563813209,5.630000114440918,0.8399999737739563,0.9900000095367432,0.209999993443489,2.2877297401428223,2.397026777267456,0.90378600358963,24.43881797790528,0.0920661464333534,1.0047149658203125,DECAM/COSMOS,u,0.9809055924415588,3.273815870285034,0.949999988079071,-999.0,UNKNOWN,n,-1.0,-1,,,,,,,1.6789302825927734,0.0873999968171119,20170127008,cosmos,20170127,8,multi_025_076_032_RL,20170127008_3_multi_025_076_032_RL_063,0.317900002002716,860,572,-22.8799991607666,6.610000133514404,,,,,,,,,,,/home/bcerqueira/Documents/RESEARCH/FLAEMING/data/32x32/predictions/pred/GRI/116484_935729_COSMOS_SUB_077.jpg,0.4912672,0.0,LAE,935729,0.4425918,0.0,LAE,0.61176527,1.0,NONLAE,0.5324047,1.0,NONLAE,0.55324715,1.0,NONLAE,0.46714404,0.0,LAE,0.5844466,1.0,NONLAE,,0.5324047,0.0,1.0,0.0,0.0,0.0,False,146632,45194,0.0,150.10802305451406,2.3085773862302923,150.10802305451406,2.3085773862302923,0.7176447186883949,2.6514,27.531763
2140100418379,HETDEX J095903.40+023206.5,149.76417541503906,2.535141944885254,2.508317232131958,elixer,0.949999988079071,lae,2100001719,True,line,Lya,149.76417541503906,2.535141944885254,0.0,1,,27.0,0.0495833680033683,0.018082920461893,4263.68994140625,0.6700000166893005,20.99239921569824,3.305812120437622,19.670785903930664,3.097688913345337,,,,,-1,3.910000085830689,0.75,-1.0594295263290403,0.1569525003433227,-0.992731273174286,0.147071287035942,5.659999847412109,0.8899999856948853,1.100000023841858,0.2300000041723251,3.224393844604492,3.4291799068450928,0.8779661059379578,25.988258361816406,0.1456244885921478,4.7692484855651855,DECAM/COSMOS,u,0.9990000128746032,2.5072758197784424,0.949999988079071,-999.0,UNKNOWN,n,-1.0,-1,,,,,,,2.4116551876068115,0.1006999984383583,20170105008,cosmos,20170105,8,multi_037_073_031_LU,20170105008_1_multi_037_073_031_LU_041,0.1814000010490417,387,372,8.899999618530273,-17.6299991607666,,,,,,,,,,,/home/bcerqueira/Documents/RESEARCH/FLAEMING/data/32x32/predictions/pred/GRI/148883_1174763_COSMOS_SUB_091.jpg,0.8498454,1.0,NONLAE,1174763,0.826847,1.0,NONLAE,0.8803184,1.0,NONLAE,0.8509677,1.0,NONLAE,0.88314223,1.0,NONLAE,0.89756733,1.0,NONLAE,0.8951917,1.0,NONLAE,,0.8803184,0.0,1.0,0.0,0.0,0.0,False,146632,45194,1.0,149.76432852609474,2.5350857681473364,149.76432852609474,2.5350857681473364,0.586622805429175,2.5836,27.672781
2140100418431,HETDEX J095930.36+015605.0,149.87648010253906,1.9347230195999143,2.3867290019989014,elixer,0.6033368706703186,lae,2100000323,True,line,Lya,149.87648010253906,1.9347230195999143,0.0,1,23.429941177368164,23.429941177368164,0.0548043064773082,0.0199869815260171,4115.919921875,0.3300000131130218,53.70829772949219,4.556255340576172,51.40151977539063,4.3605637550354,,,,,-1,3.1600000858306885,0.3199999928474426,0.3254468739032745,0.2488710880279541,0.3114688396453857,0.2381820380687713,12.609999656677246,0.9399999976158142,1.190000057220459,0.2300000041723251,3.925377130508423,4.210708141326904,0.7802286744117737,23.928247451782227,0.042524479329586,0.4590033590793609,DECAM/COSMOS,u,0.8016684651374817,2.385721445083618,0.6033368706703186,0.1039472892880439,GALAXY,n,-1.0,-1,,,,,,,2.3224666118621826,0.0900000035762786,20170103002,cosmos,20170103,2,multi_025_076_032_LU,20170103002_1_multi_025_076_032_LU_035,0.1710000038146972,321,319,24.14999961853028,-17.6299991607666,,,,,,,,,,,/home/bcerqueira/Documents/RESEARCH/FLAEMING/data/32x32/predictions/pred/GRI/53032_534628_COSMOS_SUB_043.jpg,0.13127473,0.0,LAE,534628,0.2377441,0.0,LAE,0.20245178,0.0,LAE,0.24575132,0.0,LAE,0.33350694,0.0,LAE,0.27049667,0.0,LAE,0.41275498,0.0,LAE,,0.24575132,0.0,0.0,0.0,0.0,0.0,True,146632,45194,0.0,149.87646921497463,1.9346315032900068,149.87646921497463,1.9346315032900068,0.3317793854195505,2.1508,23.547436
